LSAT,GPA
576,3.39
635,3.3000000000000003
558,2.81
578,3.0300000000000002
666,3.44
580,3.0700000000000003
555,3
661,3.43
651,3.36
605,3.13
653,3.12
575,2.74
545,2.7600000000000002
572,2.88
594,2.96
