Monoxide,Site
0.1059999987,Site1
0.1270000041,Site1
0.1319999993,Site1
0.1049999967,Site1
0.1169999987,Site1
0.1089999974,Site1
0.1070000008,Site1
0.1089999974,Site1
0.1220000014,Site2
0.1190000027,Site2
0.1150000021,Site2
0.1199999973,Site2
0.1169999987,Site2
0.1350000054,Site2
0.1180000007,Site2
0.1420000046,Site2
0.1190000027,Site3
0.1099999994,Site3
0.1059999987,Site3
0.1080000028,Site3
0.1049999967,Site3
0.1209999993,Site3
0.1089999974,Site3
0.1340000033,Site3
