horse,ordinary,naoh,diff
1,40.7,55.1,14.399999999999999
2,48.1,60.3,12.199999999999996
3,47,63.1,16.1
4,35.4,45,9.600000000000001
5,49.6,57.5,7.899999999999999
6,41.3,58.8,17.5
